Ticker,Sector,MarketCap,Security,GICS Sector,GICS Sub-Industry,Headquarters Location,Date added,CIK,Founded,Year_Added
MMM,Industrials,78714486784.0,3M,Industrials,Industrial Conglomerates,"Saint Paul, Minnesota",1957-03-04,66740,1902,1957
AOS,Industrials,9143291904.0,A. O. Smith,Industrials,Building Products,"Milwaukee, Wisconsin",2017-07-26,91142,1916,2017
ABT,Healthcare,233034334208.0,Abbott Laboratories,Health Care,Health Care Equipment,"North Chicago, Illinois",1957-03-04,1800,1888,1957
ABBV,Healthcare,335315730432.0,AbbVie,Health Care,Biotechnology,"North Chicago, Illinois",2012-12-31,1551152,2013 (1888),2012
ACN,Technology,198857146368.0,Accenture,Information Technology,IT Consulting & Other Services,"Dublin, Ireland",2011-07-06,1467373,1989,2011
ADBE,Technology,177691312128.0,Adobe Inc.,Information Technology,Application Software,"San Jose, California",1997-05-05,796343,1982,1997
AMD,Technology,188390473728.0,Advanced Micro Devices,Information Technology,Semiconductors,"Santa Clara, California",2017-03-20,2488,1969,2017
AES,Utilities,7752841728.0,AES Corporation,Utilities,Independent Power Producers & Energy Traders,"Arlington, Virginia",1998-10-02,874761,1981,1998
AFL,Financial Services,56054071296.0,Aflac,Financials,Life & Health Insurance,"Columbus, Georgia",1999-05-28,4977,1955,1999
A,Healthcare,32894726144.0,Agilent Technologies,Health Care,Life Sciences Tools & Services,"Santa Clara, California",2000-06-05,1090872,1999,2000
APD,Basic Materials,62263361536.0,Air Products,Materials,Industrial Gases,"Upper Macungie Township, Pennsylvania",1985-04-30,2969,1940,1985
ABNB,Consumer Cyclical,86804832256.0,Airbnb,Consumer Discretionary,"Hotels, Resorts & Cruise Lines","San Francisco, California",2023-09-18,1559720,2008,2023
AKAM,Technology,10964142080.0,Akamai Technologies,Information Technology,Internet Services & Infrastructure,"Cambridge, Massachusetts",2007-07-12,1086222,1998,2007
ALB,Basic Materials,7039657984.0,Albemarle Corporation,Materials,Specialty Chemicals,"Charlotte, North Carolina",2016-07-01,915913,1994,2016
ARE,Real Estate,12200912896.0,Alexandria Real Estate Equities,Real Estate,Office REITs,"Pasadena, California",2017-03-20,1035443,1994,2017
ALGN,Healthcare,13092204544.0,Align Technology,Health Care,Health Care Supplies,"Tempe, Arizona",2017-06-19,1097149,1997,2017
ALLE,Industrials,11973758976.0,Allegion,Industrials,Building Products,"Dublin, Ireland",2013-12-02,1579241,1908,2013
LNT,Utilities,15535860736.0,Alliant Energy,Utilities,Electric Utilities,"Madison, Wisconsin",2016-07-01,352541,1917,2016
ALL,Financial Services,55098032128.0,Allstate,Financials,Property & Casualty Insurance,"Northbrook, Illinois",1995-07-13,899051,1931,1995
GOOGL,Communication Services,2049927675904.0,Alphabet Inc. (Class A),Communication Services,Interactive Media & Services,"Mountain View, California",2014-04-03,1652044,1998,2014
GOOG,Communication Services,2049922433024.0,Alphabet Inc. (Class C),Communication Services,Interactive Media & Services,"Mountain View, California",2006-04-03,1652044,1998,2006
MO,Consumer Defensive,100039778304.0,Altria,Consumer Staples,Tobacco,"Richmond, Virginia",1957-03-04,764180,1985,1957
AMZN,Consumer Cyclical,2267344535552.0,Amazon,Consumer Discretionary,Broadline Retail,"Seattle, Washington",2005-11-18,1018724,1994,2005
AMCR,Consumer Cyclical,20874106880.0,Amcor,Materials,Paper & Plastic Packaging Products & Materials,"Warmley, Bristol, United Kingdom",2019-06-07,1748790,2019 (1860),2019
AEE,Utilities,26037596160.0,Ameren,Utilities,Multi-Utilities,"St. Louis, Missouri",1991-09-19,1002910,1902,1991
AEP,Utilities,54375710720.0,American Electric Power,Utilities,Electric Utilities,"Columbus, Ohio",1957-03-04,4904,1906,1957
AXP,Financial Services,211907149824.0,American Express,Financials,Consumer Finance,"New York City, New York",1976-06-30,4962,1850,1976
AIG,Financial Services,50336657408.0,American International Group,Financials,Multi-line Insurance,"New York City, New York",1980-03-31,5272,1919,1980
AMT,Real Estate,99498041344.0,American Tower,Real Estate,Telecom Tower REITs,"Boston, Massachusetts",2007-11-19,1053507,1995,2007
AWK,Utilities,27311431680.0,American Water Works,Utilities,Water Utilities,"Camden, New Jersey",2016-03-04,1410636,1886,2016
AMP,Financial Services,49385353216.0,Ameriprise Financial,Financials,Asset Management & Custody Banks,"Minneapolis, Minnesota",2005-10-03,820027,1894,2005
AME,Industrials,41177272320.0,Ametek,Industrials,Electrical Components & Equipment,"Berwyn, Pennsylvania",2013-09-23,1037868,1930,2013
AMGN,Healthcare,156112175104.0,Amgen,Health Care,Biotechnology,"Thousand Oaks, California",1992-01-02,318154,1980,1992
APH,Technology,112928260096.0,Amphenol,Information Technology,Electronic Components,"Wallingford, Connecticut",2008-09-30,820313,1932,2008
ADI,Technology,110296080384.0,Analog Devices,Information Technology,Semiconductors,"Wilmington, Massachusetts",1999-10-12,6281,1965,1999
ANSS,Technology,29827293184.0,Ansys,Information Technology,Application Software,"Canonsburg, Pennsylvania",2017-06-19,1013462,1969,2017
AON,Financial Services,80133177344.0,Aon plc,Financials,Insurance Brokers,"London, United Kingdom",1996-04-23,315293,1982 (1919),1996
APA,Energy,6675632128.0,APA Corporation,Energy,Oil & Gas Exploration & Production,"Houston, Texas",1997-07-28,1841666,1954,1997
APO,Financial Services,76265873408.0,Apollo Global Management,Financials,Asset Management & Custody Banks,"New York City, New York",2024-12-23,1858681,1990,2024
AAPL,Technology,3045708267520.0,Apple Inc.,Information Technology,"Technology Hardware, Storage & Peripherals","Cupertino, California",1982-11-30,320193,1977,1982
AMAT,Technology,133808521216.0,Applied Materials,Information Technology,Semiconductor Materials & Equipment,"Santa Clara, California",1995-03-16,6951,1967,1995
APTV,Consumer Cyclical,14509527040.0,Aptiv,Consumer Discretionary,Automotive Parts & Equipment,"Dublin, Ireland",2012-12-24,1521332,1994,2012
ACGL,Financial Services,35800346624.0,Arch Capital Group,Financials,Property & Casualty Insurance,"Hamilton, Bermuda",2022-11-01,947484,1995,2022
ADM,Consumer Defensive,22782937088.0,Archer Daniels Midland,Consumer Staples,Agricultural Products & Services,"Chicago, Illinois",1957-03-04,7084,1902,1957
ANET,Technology,122138222592.0,Arista Networks,Information Technology,Communications Equipment,"Santa Clara, California",2018-08-28,1596532,2004,2018
AJG,Financial Services,84179984384.0,Arthur J. Gallagher & Co.,Financials,Insurance Brokers,"Rolling Meadows, Illinois",2016-05-31,354190,1927,2016
AIZ,Financial Services,10316396544.0,Assurant,Financials,Multi-line Insurance,"Atlanta, Georgia",2007-04-10,1267238,1892,2007
T,Communication Services,202196779008.0,AT&T,Communication Services,Integrated Telecommunication Services,"Dallas, Texas",1983-11-30,732717,1983 (1885),1983
ATO,Utilities,24198750208.0,Atmos Energy,Utilities,Gas Utilities,"Dallas, Texas",2019-02-15,731802,1906,2019
ADSK,Technology,63725654016.0,Autodesk,Information Technology,Application Software,"San Francisco, California",1989-12-01,769397,1982,1989
ADP,Technology,132659699712.0,Automatic Data Processing,Industrials,Human Resource & Employment Services,"Roseland, New Jersey",1981-03-31,8670,1949,1981
AZO,Consumer Cyclical,62200569856.0,AutoZone,Consumer Discretionary,Automotive Retail,"Memphis, Tennessee",1997-01-02,866787,1979,1997
AVB,Real Estate,28922058752.0,AvalonBay Communities,Real Estate,Multi-Family Residential REITs,"Arlington, Virginia",2007-01-10,915912,1978,2007
AVY,Consumer Cyclical,14061445120.0,Avery Dennison,Materials,Paper & Plastic Packaging Products & Materials,"Mentor, Ohio",1987-12-31,8818,1935,1987
AXON,Industrials,61646155776.0,Axon Enterprise,Industrials,Aerospace & Defense,"Scottsdale, Arizona",2023-05-04,1069183,1993,2023
BKR,Energy,37549428736.0,Baker Hughes,Energy,Oil & Gas Equipment & Services,"Houston, Texas",2017-07-07,1701605,2017,2017
BALL,Consumer Cyclical,14905668608.0,Ball Corporation,Materials,"Metal, Glass & Plastic Containers","Broomfield, Colorado",1984-10-31,9389,1880,1984
BAC,Financial Services,338708660224.0,Bank of America,Financials,Diversified Banks,"Charlotte, North Carolina",1976-06-30,70858,1998 (1923 / 1874),1976
BAX,Healthcare,15528676352.0,Baxter International,Health Care,Health Care Equipment,"Deerfield, Illinois",1972-09-30,10456,1931,1972
BDX,Healthcare,49711984640.0,Becton Dickinson,Health Care,Health Care Equipment,"Franklin Lakes, New Jersey",1972-09-30,10795,1897,1972
BRK.B,,,Berkshire Hathaway,Financials,Multi-Sector Holdings,"Omaha, Nebraska",2010-02-16,1067983,1839,2010
BBY,Consumer Cyclical,15457310720.0,Best Buy,Consumer Discretionary,Computer & Electronics Retail,"Richfield, Minnesota",1999-06-29,764478,1966,1999
TECH,Healthcare,7632985600.0,Bio-Techne,Health Care,Life Sciences Tools & Services,"Minneapolis, Minnesota",2021-08-30,842023,1976,2021
BIIB,Healthcare,19507273728.0,Biogen,Health Care,Biotechnology,"Cambridge, Massachusetts",2003-11-13,875045,1978,2003
BLK,Financial Services,153229557760.0,BlackRock,Financials,Asset Management & Custody Banks,"New York City, New York",2011-04-04,2012383,1988,2011
BX,Financial Services,167134101504.0,Blackstone Inc.,Financials,Asset Management & Custody Banks,"New York City, New York",2023-09-18,1393818,1985,2023
BK,Financial Services,64617996288.0,BNY Mellon,Financials,Asset Management & Custody Banks,"New York City, New York",1995-03-31,1390777,1784,1995
BA,Industrials,158944477184.0,Boeing,Industrials,Aerospace & Defense,"Arlington, Virginia",1957-03-04,12927,1916,1957
BKNG,Consumer Cyclical,182701096960.0,Booking Holdings,Consumer Discretionary,"Hotels, Resorts & Cruise Lines","Norwalk, Connecticut",2009-11-06,1075531,1996,2009
BSX,Healthcare,151037050880.0,Boston Scientific,Health Care,Health Care Equipment,"Marlborough, Massachusetts",1995-02-24,885725,1979,1995
BMY,Healthcare,98518220800.0,Bristol Myers Squibb,Health Care,Pharmaceuticals,"New York City, New York",1957-03-04,14272,1989 (1887),1957
AVGO,Technology,1161052422144.0,Broadcom,Information Technology,Semiconductors,"Palo Alto, California",2014-05-08,1730168,1961,2014
BR,Technology,28819548160.0,Broadridge Financial Solutions,Industrials,Data Processing & Outsourced Services,"Lake Success, New York",2018-06-18,1383312,1962,2018
BRO,Financial Services,31692457984.0,Brown & Brown,Financials,Insurance Brokers,"Daytona Beach, Florida",2021-09-20,79282,1939,2021
BF.B,,,Brown–Forman,Consumer Staples,Distillers & Vintners,"Louisville, Kentucky",1982-10-31,14693,1870,1982
BLDR,Industrials,12528011264.0,Builders FirstSource,Industrials,Building Products,"Irving, Texas",2023-12-18,1316835,1998,2023
BG,Consumer Defensive,10019892224.0,Bunge Global,Consumer Staples,Agricultural Products & Services,"Chesterfield, Missouri",2023-03-15,1996862,1818,2023
BXP,Real Estate,13100191744.0,"BXP, Inc.",Real Estate,Office REITs,"Boston, Massachusetts",2006-04-03,1037540,1970,2006
CHRW,Industrials,11374430208.0,C.H. Robinson,Industrials,Air Freight & Logistics,"Eden Prairie, Minnesota",2007-03-02,1043277,1905,2007
CDNS,Technology,81079820288.0,Cadence Design Systems,Information Technology,Application Software,"San Jose, California",2017-09-18,813672,1988,2017
CZR,Consumer Cyclical,5351016448.0,Caesars Entertainment,Consumer Discretionary,Casinos & Gaming,"Reno, Nevada",2021-03-22,1590895,1973,2021
CPT,Real Estate,12375046144.0,Camden Property Trust,Real Estate,Multi-Family Residential REITs,"Houston, Texas",2022-04-04,906345,1981,2022
CPB,Consumer Defensive,10279521280.0,Campbell's Company (The),Consumer Staples,Packaged Foods & Meats,"Camden, New Jersey",1957-03-04,16732,1869,1957
COF,Financial Services,126836940800.0,Capital One,Financials,Consumer Finance,"Tysons Corner, Virginia",1998-07-01,927628,1994,1998
CAH,Healthcare,36925718528.0,Cardinal Health,Health Care,Health Care Distributors,"Dublin, Ohio",1997-05-27,721371,1971,1997
KMX,Consumer Cyclical,10009932800.0,CarMax,Consumer Discretionary,Automotive Retail,"Richmond, Virginia",2010-06-28,1170010,1993,2010
CCL,Consumer Cyclical,32896002048.0,Carnival,Consumer Discretionary,"Hotels, Resorts & Cruise Lines","Miami, Florida",1998-12-22,815097,1972,1998
CARR,Industrials,61211901952.0,Carrier Global,Industrials,Building Products,"Palm Beach Gardens, Florida",2020-04-03,1783180,"2020 (1915, United Technologies spinoff)",2020
CAT,Industrials,166185811968.0,Caterpillar Inc.,Industrials,Construction Machinery & Heavy Transportation Equipment,"Irving, Texas",1957-03-04,18230,1925,1957
CBOE,Financial Services,23309115392.0,Cboe Global Markets,Financials,Financial Exchanges & Data,"Chicago, Illinois",2017-03-01,1374310,1973,2017
CBRE,Real Estate,38327361536.0,CBRE Group,Real Estate,Real Estate Services,"Dallas, Texas",2006-11-10,1138118,1906,2006
CDW,Technology,23471536128.0,CDW Corporation,Information Technology,Technology Distributors,"Vernon Hills, Illinois",2019-09-23,1402057,1984,2019
COR,Healthcare,56003219456.0,Cencora,Health Care,Health Care Distributors,"Conshohocken, Pennsylvania",2001-08-30,1140859,1985,2001
CNC,Healthcare,27447781376.0,Centene Corporation,Health Care,Managed Health Care,"St. Louis, Missouri",2016-03-30,1071739,1984,2016
CNP,Utilities,23896373248.0,CenterPoint Energy,Utilities,Multi-Utilities,"Houston, Texas",1985-07-31,1130310,1882,1985
CF,Basic Materials,14927601664.0,CF Industries,Materials,Fertilizers & Agricultural Chemicals,"Deerfield, Illinois",2008-08-27,1324404,1946,2008
CRL,Healthcare,7107041792.0,Charles River Laboratories,Health Care,Life Sciences Tools & Services,"Wilmington, Massachusetts",2021-05-14,1100682,1947,2021
SCHW,Financial Services,160347602944.0,Charles Schwab Corporation,Financials,Investment Banking & Brokerage,"Westlake, Texas",1997-06-02,316709,1971,1997
CHTR,Communication Services,54763225088.0,Charter Communications,Communication Services,Cable & Satellite,"Stamford, Connecticut",2016-09-08,1091667,1993,2016
CVX,Energy,242875990016.0,Chevron Corporation,Energy,Integrated Oil & Gas,"San Ramon, California",1957-03-04,93410,1879,1957
CMG,Consumer Cyclical,70736396288.0,Chipotle Mexican Grill,Consumer Discretionary,Restaurants,"Newport Beach, California",2011-04-28,1058090,1993,2011
CB,Financial Services,117747777536.0,Chubb Limited,Financials,Property & Casualty Insurance,"Zurich, Switzerland",2010-07-15,896159,1985,2010
CHD,Consumer Defensive,24398661632.0,Church & Dwight,Consumer Staples,Household Products,"Ewing, New Jersey",2015-12-29,313927,1847,2015
CI,Healthcare,83396706304.0,Cigna,Health Care,Health Care Services,"Bloomfield, Connecticut",1976-06-30,1739940,1982,1976
CINF,Financial Services,23606593536.0,Cincinnati Financial,Financials,Property & Casualty Insurance,"Fairfield, Ohio",1997-12-18,20286,1950,1997
CTAS,Industrials,91926151168.0,Cintas,Industrials,Diversified Support Services,"Mason, Ohio",2001-03-01,723254,1929,2001
CSCO,Technology,261597593600.0,Cisco,Information Technology,Communications Equipment,"San Jose, California",1993-12-01,858877,1984,1993
C,Financial Services,146168561664.0,Citigroup,Financials,Diversified Banks,"New York City, New York",1988-05-31,831001,1998,1988
CFG,Financial Services,17940058112.0,Citizens Financial Group,Financials,Regional Banks,"Providence, Rhode Island",2016-01-29,759944,1828,2016
CLX,Consumer Defensive,15738175488.0,Clorox,Consumer Staples,Household Products,"Oakland, California",1969-03-31,21076,1913,1969
CME,Financial Services,98824847360.0,CME Group,Financials,Financial Exchanges & Data,"Chicago, Illinois",2006-08-11,1156375,1848,2006
CMS,Utilities,20938680320.0,CMS Energy,Utilities,Multi-Utilities,"Jackson, Michigan",1957-03-04,811156,1886,1957
KO,Consumer Defensive,307109658624.0,Coca-Cola Company (The),Consumer Staples,Soft Drinks & Non-alcoholic Beverages,"Atlanta, Georgia",1957-03-04,21344,1886,1957
CTSH,Technology,39573385216.0,Cognizant,Information Technology,IT Consulting & Other Services,"Teaneck, New Jersey",2006-11-17,1058290,1994,2006
COIN,Financial Services,62198874112.0,Coinbase,Financials,Financial Exchanges & Data,"New York City, New York",2025-05-19,1679788,2012,2025
CL,Consumer Defensive,73132294144.0,Colgate-Palmolive,Consumer Staples,Household Products,"New York City, New York",1957-03-04,21665,1806,1957
CMCSA,Communication Services,129231831040.0,Comcast,Communication Services,Cable & Satellite,"Philadelphia, Pennsylvania",2002-11-19,1166691,1963,2002
CAG,Consumer Defensive,10688134144.0,Conagra Brands,Consumer Staples,Packaged Foods & Meats,"Chicago, Illinois",1983-08-31,23217,1919,1983
COP,Energy,110107402240.0,ConocoPhillips,Energy,Oil & Gas Exploration & Production,"Houston, Texas",1957-03-04,1163165,2002,1957
ED,Utilities,36609675264.0,Consolidated Edison,Utilities,Multi-Utilities,"New York City, New York",1957-03-04,1047862,1823,1957
STZ,Consumer Defensive,30602334208.0,Constellation Brands,Consumer Staples,Distillers & Vintners,"Rochester, New York",2005-07-01,16918,1945,2005
CEG,Utilities,93648994304.0,Constellation Energy,Utilities,Electric Utilities,"Baltimore, Maryland",2022-02-02,1868275,1999,2022
COO,Healthcare,14430775296.0,Cooper Companies (The),Health Care,Health Care Supplies,"San Ramon, California",2016-09-23,711404,1958,2016
CPRT,Industrials,48472502272.0,Copart,Industrials,Diversified Support Services,"Dallas, Texas",2018-07-02,900075,1982,2018
GLW,Technology,43431641088.0,Corning Inc.,Information Technology,Electronic Components,"Corning, New York",1995-02-27,24741,1851,1995
CPAY,Technology,23788701696.0,Corpay,Financials,Transaction & Payment Processing Services,"Atlanta, Georgia",2018-06-20,1175454,2000,2018
CTVA,Basic Materials,48870658048.0,Corteva,Materials,Fertilizers & Agricultural Chemicals,"Indianapolis, Indiana",2019-06-03,1755672,2019,2019
CSGP,Real Estate,33126565888.0,CoStar Group,Real Estate,Real Estate Services,"Washington, D.C.",2022-09-19,1057352,1987,2022
COST,Consumer Defensive,450102525952.0,Costco,Consumer Staples,Consumer Staples Merchandise Retail,"Issaquah, Washington",1993-10-01,909832,1976,1993
CTRA,Energy,19524216832.0,Coterra,Energy,Oil & Gas Exploration & Production,"Houston, Texas",2008-06-23,858470,2021 (1989),2008
CRWD,Technology,116750254080.0,CrowdStrike,Information Technology,Systems Software,"Austin, Texas",2024-06-24,1535527,2011,2024
CCI,Real Estate,43088666624.0,Crown Castle,Real Estate,Telecom Tower REITs,"Houston, Texas",2012-03-14,1051470,1994,2012
CSX,Industrials,60545667072.0,CSX Corporation,Industrials,Rail Transportation,"Jacksonville, Florida",1957-03-04,277948,1980,1957
CMI,Industrials,44986654720.0,Cummins,Industrials,Construction Machinery & Heavy Transportation Equipment,"Columbus, Indiana",1965-03-31,26172,1919,1965
CVS,Healthcare,80429973504.0,CVS Health,Health Care,Health Care Services,"Woonsocket, Rhode Island",1957-03-04,64803,1996,1957
DHR,Healthcare,140285640704.0,Danaher Corporation,Health Care,Life Sciences Tools & Services,"Washington, D.C.",1998-11-18,313616,1969,1998
DRI,Consumer Cyclical,25456666624.0,Darden Restaurants,Consumer Discretionary,Restaurants,"Orlando, Florida",1995-05-31,940944,1938,1995
DVA,Healthcare,10422068224.0,DaVita,Health Care,Health Care Services,"Denver, Colorado",2008-07-31,927066,1979,2008
DAY,Technology,9660009472.0,Dayforce,Industrials,Human Resource & Employment Services,"Minneapolis, Minnesota",2021-09-20,1725057,1992,2021
DECK,Consumer Cyclical,16321399808.0,Deckers Brands,Consumer Discretionary,Footwear,"Goleta, California",2024-03-18,910521,1973,2024
DE,Industrials,140827328512.0,Deere & Company,Industrials,Agricultural & Farm Machinery,"Moline, Illinois",1957-03-04,315189,1837,1957
DELL,Technology,77745627136.0,Dell Technologies,Information Technology,"Technology Hardware, Storage & Peripherals","Round Rock, Texas",2024-09-23,1571996,2016,2024
DAL,Industrials,33267957760.0,Delta Air Lines,Industrials,Passenger Airlines,"Atlanta, Georgia",2013-09-11,27904,1929,2013
DVN,Energy,20733409280.0,Devon Energy,Energy,Oil & Gas Exploration & Production,"Oklahoma City, Oklahoma",2000-08-30,1090012,1971,2000
DXCM,Healthcare,33983913984.0,Dexcom,Health Care,Health Care Equipment,"San Diego, California",2020-05-12,1093557,1999,2020
FANG,Energy,41067134976.0,Diamondback Energy,Energy,Oil & Gas Exploration & Production,"Midland, Texas",2018-12-03,1539838,2007,2018
DLR,Real Estate,60681052160.0,Digital Realty,Real Estate,Data Center REITs,"Austin, Texas",2016-05-18,1297996,2004,2016
DG,Consumer Defensive,24973658112.0,Dollar General,Consumer Staples,Consumer Staples Merchandise Retail,"Goodlettsville, Tennessee",2012-12-03,29534,1939,2012
DLTR,Consumer Defensive,19721771008.0,Dollar Tree,Consumer Staples,Consumer Staples Merchandise Retail,"Chesapeake, Virginia",2011-12-19,935703,1986,2011
D,Utilities,47560155136.0,Dominion Energy,Utilities,Multi-Utilities,"Richmond, Virginia",2016-11-30,715957,1983,2016
DPZ,Consumer Cyclical,16032211968.0,Domino's,Consumer Discretionary,Restaurants,"Ann Arbor, Michigan",2020-05-12,1286681,1960,2020
DASH,Consumer Cyclical,91456716800.0,DoorDash,Consumer Discretionary,Specialized Consumer Services,"San Francisco, California",2025-03-24,1792789,2012,2025
DOV,Industrials,24603312128.0,Dover Corporation,Industrials,Industrial Machinery & Supplies & Components,"Downers Grove, Illinois",1985-10-31,29905,1955,1985
DOW,Basic Materials,20180910080.0,Dow Inc.,Materials,Commodity Chemicals,"Midland, Michigan",2019-04-01,1751788,2019 (1897),2019
DHI,Consumer Cyclical,37089034240.0,D. R. Horton,Consumer Discretionary,Homebuilding,"Arlington, Texas",2005-06-22,882184,1978,2005
DTE,Utilities,27776018432.0,DTE Energy,Utilities,Multi-Utilities,"Detroit, Michigan",1957-03-04,936340,1995,1957
DUK,Utilities,89563332608.0,Duke Energy,Utilities,Electric Utilities,"Charlotte, North Carolina",1976-06-30,1326160,1904,1976
DD,Basic Materials,28512335872.0,DuPont,Materials,Specialty Chemicals,"Wilmington, Delaware",2019-06-03,1666700,2017 (1802),2019
EMN,Basic Materials,9101712384.0,Eastman Chemical Company,Materials,Specialty Chemicals,"Kingsport, Tennessee",1994-01-01,915389,1920,1994
ETN,Industrials,129696391168.0,Eaton Corporation,Industrials,Electrical Components & Equipment,"Dublin, Ireland",1957-03-04,1551182,1911,1957
EBAY,Consumer Cyclical,36226949120.0,eBay Inc.,Consumer Discretionary,Broadline Retail,"San Jose, California",2002-07-22,1065088,1995,2002
ECL,Basic Materials,75714977792.0,Ecolab,Materials,Specialty Chemicals,"Saint Paul, Minnesota",1989-01-31,31462,1923,1989
EIX,Utilities,20684912640.0,Edison International,Utilities,Electric Utilities,"Rosemead, California",1957-03-04,827052,1886,1957
EW,Healthcare,45619900416.0,Edwards Lifesciences,Health Care,Health Care Equipment,"Irvine, California",2011-04-01,1099800,1958,2011
EA,Communication Services,37507072000.0,Electronic Arts,Communication Services,Interactive Home Entertainment,"Redwood City, California",2002-07-22,712515,1982,2002
ELV,Healthcare,88873787392.0,Elevance Health,Health Care,Managed Health Care,"Indianapolis, Indiana",2002-07-25,1156039,2014 (1946),2002
EMR,Industrials,69474369536.0,Emerson Electric,Industrials,Electrical Components & Equipment,"Ferguson, Missouri",1965-03-31,32604,1890,1965
ENPH,Technology,5403104256.0,Enphase Energy,Information Technology,Semiconductor Materials & Equipment,"Fremont, California",2021-01-07,1463101,2006,2021
ETR,Utilities,36666421248.0,Entergy,Utilities,Electric Utilities,"New Orleans, Louisiana",1957-03-04,65984,1913,1957
EOG,Energy,62247010304.0,EOG Resources,Energy,Oil & Gas Exploration & Production,"Houston, Texas",2000-11-02,821189,1999,2000
EPAM,Technology,10097210368.0,EPAM Systems,Information Technology,IT Consulting & Other Services,"Newtown, Pennsylvania",2021-12-14,1352010,1993,2021
EQT,Energy,33756518400.0,EQT Corporation,Energy,Oil & Gas Exploration & Production,"Pittsburgh, Pennsylvania",2022-10-03,33213,1888,2022
EFX,Industrials,33323833344.0,Equifax,Industrials,Research & Consulting Services,"Atlanta, Georgia",1997-06-19,33185,1899,1997
EQIX,Real Estate,89448628224.0,Equinix,Real Estate,Data Center REITs,"Redwood City, California",2015-03-20,1101239,1998,2015
EQR,Real Estate,26825148416.0,Equity Residential,Real Estate,Multi-Family Residential REITs,"Chicago, Illinois",2001-12-03,906107,1969,2001
ERIE,Financial Services,19216001024.0,Erie Indemnity,Financials,Insurance Brokers,"Erie, Pennsylvania",2024-09-23,922621,1925,2024
ESS,Real Estate,19271053312.0,Essex Property Trust,Real Estate,Multi-Family Residential REITs,"San Mateo, California",2014-04-02,920522,1971,2014
EL,Consumer Defensive,24628621312.0,Estée Lauder Companies (The),Consumer Staples,Personal Care Products,"New York City, New York",2006-01-05,1001250,1946,2006
EG,Financial Services,14724662272.0,Everest Group,Financials,Reinsurance,"Hamilton, Bermuda",2017-06-19,1095073,1973,2017
EVRG,Utilities,15011136512.0,Evergy,Utilities,Electric Utilities,"Kansas City, Missouri",2018-06-05,1711269,1909,2018
ES,Utilities,24060043264.0,Eversource Energy,Utilities,Electric Utilities,"Hartford, Connecticut",2009-07-24,72741,1966,2009
EXC,Utilities,43026591744.0,Exelon,Utilities,Electric Utilities,"Chicago, Illinois",1957-03-04,1109357,2000,1957
EXE,Energy,27926837248.0,Expand Energy,Energy,Oil & Gas Exploration & Production,"Oklahoma City, Oklahoma",2025-03-24,895126,1989,2025
EXPE,Consumer Cyclical,22443212800.0,Expedia Group,Consumer Discretionary,"Hotels, Resorts & Cruise Lines","Seattle, Washington",2007-10-02,1324424,1996,2007
EXPD,Industrials,15387476992.0,Expeditors International,Industrials,Air Freight & Logistics,"Seattle, Washington",2007-10-10,746515,1979,2007
EXR,Real Estate,33197082624.0,Extra Space Storage,Real Estate,Self-Storage REITs,"Salt Lake City, Utah",2016-01-19,1289490,1977,2016
XOM,Energy,449366163456.0,ExxonMobil,Energy,Integrated Oil & Gas,"Irving, Texas",1957-03-04,34088,1999,1957
FFIV,Technology,16967017472.0,"F5, Inc.",Information Technology,Communications Equipment,"Seattle, Washington",2010-12-20,1048695,1996,2010
FDS,Financial Services,16406428672.0,FactSet,Financials,Financial Exchanges & Data,"Norwalk, Connecticut",2021-12-20,1013237,1978,2021
FICO,Technology,43208949760.0,Fair Isaac,Information Technology,Application Software,"Bozeman, Montana",2023-03-20,814547,1956,2023
FAST,Industrials,48252911616.0,Fastenal,Industrials,Trading Companies & Distributors,"Winona, Minnesota",2008-09-15,815556,1967,2008
FRT,Real Estate,8375803392.0,Federal Realty Investment Trust,Real Estate,Retail REITs,"Rockville, Maryland",2016-02-01,34903,1962,2016
FDX,Industrials,52618338304.0,FedEx,Industrials,Air Freight & Logistics,"Memphis, Tennessee",1980-12-31,1048911,1971,1980
FIS,Technology,42677837824.0,Fidelity National Information Services,Financials,Transaction & Payment Processing Services,"Jacksonville, Florida",2006-11-10,1136893,1968,2006
FITB,Financial Services,26305857536.0,Fifth Third Bancorp,Financials,Regional Banks,"Cincinnati, Ohio",1996-03-29,35527,1858,1996
FSLR,Technology,17840039936.0,First Solar,Information Technology,Semiconductors,"Tempe, Arizona",2022-12-19,1274494,1999,2022
FE,Utilities,23461390336.0,FirstEnergy,Utilities,Electric Utilities,"Akron, Ohio",1997-11-28,1031296,1997,1997
FI,Technology,92429697024.0,Fiserv,Financials,Transaction & Payment Processing Services,"Brookfield, Wisconsin",2001-04-02,798354,1984,2001
F,Consumer Cyclical,40163180544.0,Ford Motor Company,Consumer Discretionary,Automobile Manufacturers,"Dearborn, Michigan",1957-03-04,37996,1903,1957
FTNT,Technology,80322756608.0,Fortinet,Information Technology,Systems Software,"Sunnyvale, California",2018-10-11,1262039,2000,2018
FTV,Technology,24821581824.0,Fortive,Industrials,Industrial Machinery & Supplies & Components,"Everett, Washington",2016-07-01,1659166,2016,2016
FOXA,Communication Services,23135576064.0,Fox Corporation (Class A),Communication Services,Broadcasting,"New York City, New York",2019-03-19,1754301,2019,2019
FOX,Communication Services,23135571968.0,Fox Corporation (Class B),Communication Services,Broadcasting,"New York City, New York",2019-03-19,1754301,2019,2019
BEN,Financial Services,11493144576.0,Franklin Resources,Financials,Asset Management & Custody Banks,"San Mateo, California",1998-04-30,38777,1947,1998
FCX,Basic Materials,59875131392.0,Freeport-McMoRan,Materials,Copper,"Phoenix, Arizona",2011-07-01,831259,1912,2011
GRMN,Technology,39942627328.0,Garmin,Consumer Discretionary,Consumer Electronics,"Schaffhausen, Switzerland",2012-12-12,1121788,1989,2012
IT,Technology,32522360832.0,Gartner,Information Technology,IT Consulting & Other Services,"Stamford, Connecticut",2017-04-05,749251,1979,2017
GE,Industrials,272601284608.0,GE Aerospace,Industrials,Aerospace & Defense,"Evendale, Ohio",1957-03-04,40545,1892,1957
GEHC,Healthcare,32793724928.0,GE HealthCare,Health Care,Health Care Equipment,"Chicago, Illinois",2023-01-04,1932393,1994,2023
GEV,Industrials,132373479424.0,GE Vernova,Industrials,Heavy Electrical Equipment,"Cambridge, Massachusetts",2024-04-02,1996810,2024,2024
GEN,Technology,18191345664.0,Gen Digital,Information Technology,Systems Software,"Tempe, Arizona",2003-03-25,849399,1982,2003
GNRC,Industrials,7560081408.0,Generac,Industrials,Electrical Components & Equipment,"Waukesha, Wisconsin",2021-03-22,1474735,1959,2021
GD,Industrials,74206126080.0,General Dynamics,Industrials,Aerospace & Defense,"Falls Church, Virginia",1957-03-04,40533,1899,1957
GIS,Consumer Defensive,29992108032.0,General Mills,Consumer Staples,Packaged Foods & Meats,"Golden Valley, Minnesota",1957-03-04,40704,1856,1957
GM,Consumer Cyclical,45639319552.0,General Motors,Consumer Discretionary,Automobile Manufacturers,"Detroit, Michigan",2013-06-06,1467858,1908,2013
GPC,Consumer Cyclical,17386223616.0,Genuine Parts Company,Consumer Discretionary,Distributors,"Atlanta, Georgia",1973-12-31,40987,1925,1973
GILD,Healthcare,139892359168.0,Gilead Sciences,Health Care,Biotechnology,"Foster City, California",2004-07-01,882095,1987,2004
GPN,Industrials,18747056128.0,Global Payments,Financials,Transaction & Payment Processing Services,"Atlanta, Georgia",2016-04-25,1123360,2000,2016
GL,Financial Services,10045469696.0,Globe Life,Financials,Life & Health Insurance,"McKinney, Texas",1989-04-30,320335,1900,1989
GDDY,Technology,26068178944.0,GoDaddy,Information Technology,Internet Services & Infrastructure,"Tempe, Arizona",2024-06-24,1609711,1997,2024
GS,Financial Services,188400369664.0,Goldman Sachs,Financials,Investment Banking & Brokerage,"New York City, New York",2002-07-22,886982,1869,2002
HAL,Energy,17641353216.0,Halliburton,Energy,Oil & Gas Equipment & Services,"Houston, Texas",1957-03-04,45012,1919,1957
HIG,Financial Services,36743041024.0,Hartford (The),Financials,Property & Casualty Insurance,"Hartford, Connecticut",1957-03-04,874766,1810,1957
HAS,Consumer Cyclical,9293355008.0,Hasbro,Consumer Discretionary,Leisure Products,"Pawtucket, Rhode Island",1984-09-30,46080,1923,1984
HCA,Healthcare,92462211072.0,HCA Healthcare,Health Care,Health Care Facilities,"Nashville, Tennessee",2015-01-27,860730,1968,2015
DOC,Real Estate,11991074816.0,Healthpeak Properties,Real Estate,Health Care REITs,"Denver, Colorado",2008-03-31,765880,1985,2008
HSIC,Healthcare,8796602368.0,Henry Schein,Health Care,Health Care Distributors,"Melville, New York",2015-03-17,1000228,1932,2015
HSY,Consumer Defensive,32771196928.0,Hershey Company (The),Consumer Staples,Packaged Foods & Meats,"Hershey, Pennsylvania",1957-03-04,47111,1894,1957
HES,Energy,42101063680.0,Hess Corporation,Energy,Integrated Oil & Gas,"New York City, New York",1984-05-31,4447,1919,1984
HPE,Technology,23764305920.0,Hewlett Packard Enterprise,Information Technology,"Technology Hardware, Storage & Peripherals","Houston, Texas",2015-11-02,1645590,2015,2015
HLT,Consumer Cyclical,60092936192.0,Hilton Worldwide,Consumer Discretionary,"Hotels, Resorts & Cruise Lines","Tysons Corner, Virginia",2017-06-19,1585689,1919,2017
HOLX,Healthcare,14335619072.0,Hologic,Health Care,Health Care Equipment,"Marlborough, Massachusetts",2016-03-30,859737,1985,2016
HD,Consumer Cyclical,367407104000.0,Home Depot (The),Consumer Discretionary,Home Improvement Retail,"Atlanta, Georgia",1988-03-31,354950,1978,1988
HON,Industrials,147164348416.0,Honeywell,Industrials,Industrial Conglomerates,"Charlotte, North Carolina",1957-03-04,773840,1906,1957
HRL,Consumer Defensive,16859780096.0,Hormel Foods,Consumer Staples,Packaged Foods & Meats,"Austin, Minnesota",2009-03-04,48465,1891,2009
HST,Real Estate,11081044992.0,Host Hotels & Resorts,Real Estate,Hotel & Resort REITs,"Bethesda, Maryland",2007-03-20,1070750,1993,2007
HWM,Industrials,70792306688.0,Howmet Aerospace,Industrials,Aerospace & Defense,"Pittsburgh, Pennsylvania",2016-10-21,4281,1888,2016
HPQ,Technology,23650895872.0,HP Inc.,Information Technology,"Technology Hardware, Storage & Peripherals","Palo Alto, California",1974-12-31,47217,1939 (2015),1974
HUBB,Industrials,21097121792.0,Hubbell Incorporated,Industrials,Industrial Machinery & Supplies & Components,"Shelton, Connecticut",2023-10-18,48898,1888,2023
HUM,Healthcare,27843874816.0,Humana,Health Care,Managed Health Care,"Louisville, Kentucky",2012-12-10,49071,1961,2012
HBAN,Financial Services,23629457408.0,Huntington Bancshares,Financials,Regional Banks,"Columbus, Ohio; Detroit, Michigan",1997-08-28,49196,1866,1997
HII,Industrials,8887264256.0,Huntington Ingalls Industries,Industrials,Aerospace & Defense,"Newport News, Virginia",2018-01-03,1501585,2011,2018
IBM,Technology,249886965760.0,IBM,Information Technology,IT Consulting & Other Services,"Armonk, New York",1957-03-04,51143,1911,1957
IEX,Industrials,13848080384.0,IDEX Corporation,Industrials,Industrial Machinery & Supplies & Components,"Lake Forest, Illinois",2019-08-09,832101,1988,2019
IDXX,Healthcare,42214260736.0,Idexx Laboratories,Health Care,Health Care Equipment,"Westbrook, Maine",2017-01-05,874716,1983,2017
ITW,Industrials,72625692672.0,Illinois Tool Works,Industrials,Industrial Machinery & Supplies & Components,"Glenview, Illinois",1986-02-28,49826,1912,1986
INCY,Healthcare,13311808512.0,Incyte,Health Care,Biotechnology,"Wilmington, Delaware",2017-02-28,879169,1991,2017
IR,Industrials,33535846400.0,Ingersoll Rand,Industrials,Industrial Machinery & Supplies & Components,"Davidson, North Carolina",2020-03-03,1699150,1859,2020
PODD,Healthcare,22320111616.0,Insulet Corporation,Health Care,Health Care Equipment,"Acton, Massachusetts",2023-03-15,1145197,2000,2023
INTC,Technology,87501717504.0,Intel,Information Technology,Semiconductors,"Santa Clara, California",1976-12-31,50863,1968,1976
ICE,Financial Services,102495485952.0,Intercontinental Exchange,Financials,Financial Exchanges & Data,"Atlanta, Georgia",2007-09-26,1571949,2000,2007
IFF,Basic Materials,19670251520.0,International Flavors & Fragrances,Materials,Specialty Chemicals,"New York City, New York",1976-03-31,51253,1958 (1889),1976
IP,Consumer Cyclical,24996159488.0,International Paper,Materials,Paper & Plastic Packaging Products & Materials,"Memphis, Tennessee",1957-03-04,51434,1898,1957
IPG,Communication Services,8526089216.0,Interpublic Group of Companies (The),Communication Services,Advertising,"New York City, New York",1992-10-01,51644,1961 (1930),1992
INTU,Technology,215229939712.0,Intuit,Information Technology,Application Software,"Mountain View, California",2000-12-05,896878,1983,2000
ISRG,Healthcare,199667499008.0,Intuitive Surgical,Health Care,Health Care Equipment,"Sunnyvale, California",2008-06-02,1035267,1995,2008
IVZ,Financial Services,6440330752.0,Invesco,Financials,Asset Management & Custody Banks,"Atlanta, Georgia",2008-08-21,914208,1935,2008
INVH,Real Estate,20343775232.0,Invitation Homes,Real Estate,Single-Family Residential REITs,"Dallas, Texas",2022-09-19,1687229,2012,2022
IQV,Healthcare,26351362048.0,IQVIA,Health Care,Life Sciences Tools & Services,"Durham, North Carolina",2017-08-29,1478242,1982,2017
IRM,Real Estate,30156447744.0,Iron Mountain,Real Estate,Other Specialized REITs,"Boston, Massachusetts",2009-01-06,1020569,1951,2009
JBHT,Industrials,13908075520.0,J.B. Hunt,Industrials,Cargo Ground Transportation,"Lowell, Arkansas",2015-07-01,728535,1961,2015
JBL,Technology,18959273984.0,Jabil,Information Technology,Electronic Manufacturing Services,"St. Petersburg, Florida",2023-12-18,898293,1966,2023
JKHY,Technology,13240860672.0,Jack Henry & Associates,Financials,Transaction & Payment Processing Services,"Monett, Missouri",2018-11-13,779152,1976,2018
J,Industrials,15340316672.0,Jacobs Solutions,Industrials,Construction & Engineering,"Dallas, Texas",2007-10-26,52988,1947,2007
JNJ,Healthcare,373013020672.0,Johnson & Johnson,Health Care,Pharmaceuticals,"New Brunswick, New Jersey",1973-06-30,200406,1886,1973
JCI,Industrials,68298694656.0,Johnson Controls,Industrials,Building Products,"Cork, Ireland",2010-08-27,833444,1885,2010
JPM,Financial Services,738487566336.0,JPMorgan Chase,Financials,Diversified Banks,"New York City, New York",1975-06-30,19617,2000 (1799 / 1871),1975
JNPR,Technology,12004350976.0,Juniper Networks,Information Technology,Communications Equipment,"Sunnyvale, California",2006-06-02,1043604,1996,2006
K,Consumer Defensive,28469813248.0,Kellanova,Consumer Staples,Packaged Foods & Meats,"Chicago, Illinois",1989-09-11,55067,1906,1989
KVUE,Consumer Defensive,41719644160.0,Kenvue,Consumer Staples,Personal Care Products,"Skillman, New Jersey",2023-08-25,1944048,2022 (Johnson & Johnson spinoff),2023
KDP,Consumer Defensive,44507885568.0,Keurig Dr Pepper,Consumer Staples,Soft Drinks & Non-alcoholic Beverages,"Burlington, Massachusetts",2022-06-21,1418135,1981,2022
KEY,Financial Services,17896699904.0,KeyCorp,Financials,Regional Banks,"Cleveland, Ohio",1994-03-01,91576,1825,1994
KEYS,Technology,27873050624.0,Keysight Technologies,Information Technology,Electronic Equipment & Instruments,"Santa Rosa, California",2018-11-06,1601046,2014 (1939),2018
KMB,Consumer Defensive,44314025984.0,Kimberly-Clark,Consumer Staples,Household Products,"Irving, Texas",1957-03-04,55785,1872,1957
KIM,Real Estate,14199651328.0,Kimco Realty,Real Estate,Retail REITs,"Jericho, New York",2006-04-04,879101,1958,2006
KMI,Energy,62548746240.0,Kinder Morgan,Energy,Oil & Gas Storage & Transportation,"Houston, Texas",2012-05-25,1506307,1997,2012
KKR,Financial Services,114170912768.0,KKR & Co.,Financials,Asset Management & Custody Banks,"New York City, New York",2024-06-24,1404912,1976,2024
KLAC,Technology,106850729984.0,KLA Corporation,Information Technology,Semiconductor Materials & Equipment,"Milpitas, California",1997-09-30,319201,1975/1977 (1997),1997
KHC,Consumer Defensive,31636023296.0,Kraft Heinz,Consumer Staples,Packaged Foods & Meats,"Chicago, Illinois; Pittsburgh, Pennsylvania",2015-07-06,1637459,2015 (1869),2015
KR,Consumer Defensive,44046176256.0,Kroger,Consumer Staples,Food Retail,"Cincinnati, Ohio",1957-03-04,56873,1883,1957
LHX,Industrials,45665300480.0,L3Harris,Industrials,Aerospace & Defense,"Melbourne, Florida",2008-09-22,202058,"2019 (L3 1997, Harris 1895)",2008
LH,Healthcare,21257289728.0,Labcorp,Health Care,Health Care Services,"Burlington, North Carolina",2004-11-01,920148,1978,2004
LRCX,Technology,110452006912.0,Lam Research,Information Technology,Semiconductor Materials & Equipment,"Fremont, California",2012-06-29,707549,1980,2012
LW,Consumer Defensive,7857338880.0,Lamb Weston,Consumer Staples,Packaged Foods & Meats,"Eagle, Idaho",2018-12-03,1679273,2016 (1950),2018
LVS,Consumer Cyclical,28420577280.0,Las Vegas Sands,Consumer Discretionary,Casinos & Gaming,"Las Vegas, Nevada",2019-10-03,1300514,1988,2019
LDOS,Technology,19068432384.0,Leidos,Industrials,Diversified Support Services,"Reston, Virginia",2019-08-09,1336920,1969,2019
LEN,Consumer Cyclical,28481202176.0,Lennar,Consumer Discretionary,Homebuilding,"Miami, Florida",2005-10-04,920760,1954,2005
LII,Industrials,19600027648.0,Lennox International,Industrials,Building Products,"Richardson, Texas",2024-12-23,1069202,1895,2024
LLY,Healthcare,691149012992.0,Lilly (Eli),Health Care,Pharmaceuticals,"Indianapolis, Indiana",1970-12-31,59478,1876,1970
LIN,Basic Materials,222515937280.0,Linde plc,Materials,Industrial Gases,"Guildford, United Kingdom",1992-07-01,1707925,1879,1992
LYV,Communication Services,33409933312.0,Live Nation Entertainment,Communication Services,Movies & Entertainment,"Beverly Hills, California",2019-12-23,1335258,2010,2019
LKQ,Consumer Cyclical,10091004928.0,LKQ Corporation,Consumer Discretionary,Distributors,"Chicago, Illinois",2016-05-23,1065696,1998,2016
LMT,Industrials,112858038272.0,Lockheed Martin,Industrials,Aerospace & Defense,"Bethesda, Maryland",1957-03-04,936468,1995,1957
L,Financial Services,18692388864.0,Loews Corporation,Financials,Multi-line Insurance,"New York City, New York",1995-05-31,60086,1959,1995
LOW,Consumer Cyclical,126249877504.0,Lowe's,Consumer Discretionary,Home Improvement Retail,"Mooresville, North Carolina",1984-02-29,60667,1904/1946/1959,1984
LULU,Consumer Cyclical,31873781760.0,Lululemon Athletica,Consumer Discretionary,"Apparel, Accessories & Luxury Goods","Vancouver, Canada",2023-10-18,1397187,1998,2023
LYB,Basic Materials,18171957248.0,LyondellBasell,Materials,Specialty Chemicals,"Rotterdam, Netherlands",2012-09-05,1489393,2007,2012
MTB,Financial Services,29557415936.0,M&T Bank,Financials,Regional Banks,"Buffalo, New York",2004-02-23,36270,1856,2004
MPC,Energy,49191108608.0,Marathon Petroleum,Energy,Oil & Gas Refining & Marketing,"Findlay, Ohio",2011-07-01,1510295,2009 (1887),2011
MKTX,Financial Services,8481004032.0,MarketAxess,Financials,Financial Exchanges & Data,"New York City, New York",2019-07-01,1278021,2000,2019
MAR,Consumer Cyclical,72754995200.0,Marriott International,Consumer Discretionary,"Hotels, Resorts & Cruise Lines","Bethesda, Maryland",1998-05-29,1048286,1927,1998
MMC,Financial Services,113332363264.0,Marsh McLennan,Financials,Insurance Brokers,"New York City, New York",1987-08-31,62709,1905,1987
MLM,Basic Materials,33236547584.0,Martin Marietta Materials,Materials,Construction Materials,"Raleigh, North Carolina",2014-07-02,916076,1993,2014
MAS,Industrials,13329424384.0,Masco,Industrials,Building Products,"Livonia, Michigan",1981-06-30,62996,1929,1981
MA,Financial Services,531853312000.0,Mastercard,Financials,Transaction & Payment Processing Services,"Harrison, New York",2008-07-18,1141391,1966,2008
MTCH,Communication Services,7807963648.0,Match Group,Communication Services,Interactive Media & Services,"Dallas, Texas",2021-09-20,891103,1986,2021
MKC,Consumer Defensive,19905814528.0,McCormick & Company,Consumer Staples,Packaged Foods & Meats,"Hunt Valley, Maryland",2003-03-20,63754,1889,2003
MCD,Consumer Cyclical,220930670592.0,McDonald's,Consumer Discretionary,Restaurants,"Chicago, Illinois",1970-06-30,63908,1940,1970
MCK,Healthcare,89111248896.0,McKesson Corporation,Health Care,Health Care Distributors,"Irving, Texas",1999-01-13,927653,1833,1999
MDT,Healthcare,112091963392.0,Medtronic,Health Care,Health Care Equipment,"Dublin, Ireland",1986-10-31,1613103,1949,1986
MRK,Healthcare,198296043520.0,Merck & Co.,Health Care,Pharmaceuticals,"Kenilworth, New Jersey",1957-03-04,310158,1891,1957
META,Communication Services,1721355337728.0,Meta Platforms,Communication Services,Interactive Media & Services,"Menlo Park, California",2013-12-23,1326801,2004,2013
MET,Financial Services,53656846336.0,MetLife,Financials,Life & Health Insurance,"New York City, New York",2000-12-11,1099219,1868,2000
MTD,Healthcare,24613900288.0,Mettler Toledo,Health Care,Life Sciences Tools & Services,"Columbus, Ohio",2016-09-06,1037646,1945,2016
MGM,Consumer Cyclical,8670666752.0,MGM Resorts,Consumer Discretionary,Casinos & Gaming,"Paradise, Nevada",2017-07-26,789570,1986,2017
MCHP,Technology,35195785216.0,Microchip Technology,Information Technology,Semiconductors,"Chandler, Arizona",2007-09-07,827054,1989,2007
MU,Technology,121323405312.0,Micron Technology,Information Technology,Semiconductors,"Boise, Idaho",1994-09-27,723125,1978,1994
MSFT,Technology,3496118321152.0,Microsoft,Information Technology,Systems Software,"Redmond, Washington",1994-06-01,789019,1975,1994
MAA,Real Estate,18004486144.0,Mid-America Apartment Communities,Real Estate,Multi-Family Residential REITs,"Memphis, Tennessee",2016-12-02,912595,1977,2016
MRNA,Healthcare,10619935744.0,Moderna,Health Care,Biotechnology,"Cambridge, Massachusetts",2021-07-21,1682852,2010,2021
MHK,Consumer Cyclical,6347507200.0,Mohawk Industries,Consumer Discretionary,Home Furnishings,"Calhoun, Georgia",2013-12-23,851968,1878,2013
MOH,Healthcare,16090896384.0,Molina Healthcare,Health Care,Managed Health Care,"Long Beach, California",2022-03-02,1179929,1980,2022
TAP,Consumer Defensive,10533692416.0,Molson Coors Beverage Company,Consumer Staples,Brewers,"Chicago, Illinois",1976-06-30,24545,"2005 (Molson 1786, Coors 1873)",1976
MDLZ,Consumer Defensive,85652340736.0,Mondelez International,Consumer Staples,Packaged Foods & Meats,"Chicago, Illinois",2012-10-02,1103982,2012,2012
MPWR,Technology,32897390592.0,Monolithic Power Systems,Information Technology,Semiconductors,"Kirkland, Washington",2021-02-12,1280452,1997,2021
MNST,Consumer Defensive,61840351232.0,Monster Beverage,Consumer Staples,Soft Drinks & Non-alcoholic Beverages,"Corona, California",2012-06-28,865752,2012 (1935),2012
MCO,Financial Services,87980687360.0,Moody's Corporation,Financials,Financial Exchanges & Data,"New York City, New York",1998-07-01,1059556,1909,1998
MS,Financial Services,211481477120.0,Morgan Stanley,Financials,Investment Banking & Brokerage,"New York City, New York",1993-07-29,895421,1935,1993
MOS,Basic Materials,11547196416.0,Mosaic Company (The),Materials,Fertilizers & Agricultural Chemicals,"Tampa, Florida",2011-09-26,1285785,2004 (1865 / 1909),2011
MSI,Technology,69757534208.0,Motorola Solutions,Information Technology,Communications Equipment,"Chicago, Illinois",1957-03-04,68505,1928 (2011),1957
MSCI,Financial Services,43996532736.0,MSCI Inc.,Financials,Financial Exchanges & Data,"New York City, New York",2018-04-04,1408198,1969,2018
NDAQ,Financial Services,49150582784.0,"Nasdaq, Inc.",Financials,Financial Exchanges & Data,"New York City, New York",2008-10-22,1120193,1971,2008
NTAP,Technology,21927555072.0,NetApp,Information Technology,"Technology Hardware, Storage & Peripherals","San Jose, California",1999-06-25,1002047,1992,1999
NFLX,Communication Services,532183416832.0,Netflix,Communication Services,Movies & Entertainment,"Los Gatos, California",2010-12-20,1065280,1997,2010
NEM,Basic Materials,60669534208.0,Newmont,Materials,Gold,"Denver, Colorado",1969-06-30,1164727,1921,1969
NWSA,Communication Services,16544530432.0,News Corp (Class A),Communication Services,Publishing,"New York City, New York",2013-08-01,1564708,2013 (News Corporation 1980),2013
NWS,Communication Services,16409406464.0,News Corp (Class B),Communication Services,Publishing,"New York City, New York",2015-09-18,1564708,2013 (News Corporation 1980),2015
NEE,Utilities,148550746112.0,NextEra Energy,Utilities,Multi-Utilities,"Juno Beach, Florida",1976-06-30,753308,1984 (1925),1976
NKE,Consumer Cyclical,92500631552.0,"Nike, Inc.",Consumer Discretionary,"Apparel, Accessories & Luxury Goods","Washington County, Oregon",1988-11-30,320187,1964,1988
NI,Utilities,18489212928.0,NiSource,Utilities,Multi-Utilities,"Merrillville, Indiana",2000-11-02,1111711,1912,2000
NDSN,Industrials,12135851008.0,Nordson Corporation,Industrials,Industrial Machinery & Supplies & Components,"Westlake, Ohio",2022-02-15,72331,1935,2022
NSC,Industrials,56534593536.0,Norfolk Southern,Industrials,Rail Transportation,"Atlanta, Georgia",1957-03-04,702165,1881/1894 (1980),1957
NTRS,Financial Services,20992704512.0,Northern Trust,Financials,Asset Management & Custody Banks,"Chicago, Illinois",1998-01-30,73124,1889,1998
NOC,Industrials,70439804928.0,Northrop Grumman,Industrials,Aerospace & Defense,"West Falls Church, Virginia",1957-03-04,1133421,"1994 (Northrop 1939, Grumman 1930)",1957
NCLH,Consumer Cyclical,8739545088.0,Norwegian Cruise Line Holdings,Consumer Discretionary,"Hotels, Resorts & Cruise Lines","Miami, Florida",2017-10-13,1513761,2011 (1966),2017
NRG,Utilities,30487830528.0,NRG Energy,Utilities,Independent Power Producers & Energy Traders,"Houston, Texas",2010-01-29,1013871,1992,2010
NUE,Basic Materials,28052400128.0,Nucor,Materials,Steel,"Charlotte, North Carolina",1985-04-30,73309,1940,1985
NVDA,Technology,3456210829312.0,Nvidia,Information Technology,Semiconductors,"Santa Clara, California",2001-11-30,1045810,1993,2001
NVR,Consumer Cyclical,21035395072.0,"NVR, Inc.",Consumer Discretionary,Homebuilding,"Reston, Virginia",2019-09-26,906163,1980,2019
NXPI,Technology,52465987584.0,NXP Semiconductors,Information Technology,Semiconductors,"Eindhoven, Netherlands",2021-03-22,1413447,1953,2021
ORLY,Consumer Cyclical,78515568640.0,O’Reilly Automotive,Consumer Discretionary,Automotive Retail,"Springfield, Missouri",2009-03-27,898173,1957,2009
OXY,Energy,41865019392.0,Occidental Petroleum,Energy,Oil & Gas Exploration & Production,"Houston, Texas",1957-03-04,797468,1920,1957
ODFL,Industrials,33881737216.0,Old Dominion,Industrials,Cargo Ground Transportation,"Thomasville, North Carolina",2019-12-09,878927,1934,2019
OMC,Communication Services,13988422656.0,Omnicom Group,Communication Services,Advertising,"New York City, New York",1997-12-31,29989,1986,1997
ON,Technology,20965289984.0,ON Semiconductor,Information Technology,Semiconductors,"Phoenix, Arizona",2022-06-21,1097864,1999,2022
OKE,Energy,51044929536.0,Oneok,Energy,Oil & Gas Storage & Transportation,"Tulsa, Oklahoma",2010-03-15,1039684,1906,2010
ORCL,Technology,487992098816.0,Oracle Corporation,Information Technology,Application Software,"Austin, Texas",1989-08-31,1341439,1977,1989
OTIS,Industrials,37912670208.0,Otis Worldwide,Industrials,Industrial Machinery & Supplies & Components,"Farmington, Connecticut",2020-04-03,1781335,"2020 (1853, United Technologies spinoff)",2020
PCAR,Industrials,49083666432.0,Paccar,Industrials,Construction Machinery & Heavy Transportation Equipment,"Bellevue, Washington",1980-12-31,75362,1905,1980
PKG,Consumer Cyclical,17672071168.0,Packaging Corporation of America,Materials,Paper & Plastic Packaging Products & Materials,"Lake Forest, Illinois",2017-07-26,75677,1959,2017
PLTR,Technology,301407698944.0,Palantir Technologies,Information Technology,Application Software,"Denver, Colorado",2024-09-23,1321655,2003,2024
PANW,Technology,133093285888.0,Palo Alto Networks,Information Technology,Systems Software,"Santa Clara, California",2023-06-20,1327567,2005,2023
PARA,Communication Services,8452663296.0,Paramount Global,Communication Services,Movies & Entertainment,"New York City, New York",1994-09-30,813828,2019 (Paramount Pictures 1912),1994
PH,Industrials,85772263424.0,Parker Hannifin,Industrials,Industrial Machinery & Supplies & Components,"Cleveland, Ohio",1985-11-30,76334,1917,1985
PAYX,Technology,57551319040.0,Paychex,Industrials,Human Resource & Employment Services,"Penfield, New York",1998-10-01,723531,1971,1998
PAYC,Technology,14884409344.0,Paycom,Industrials,Human Resource & Employment Services,"Oklahoma City, Oklahoma",2020-01-28,1590955,1998,2020
PYPL,Financial Services,71413096448.0,PayPal,Financials,Transaction & Payment Processing Services,"San Jose, California",2015-07-20,1633917,1998,2015
PNR,Industrials,16378663936.0,Pentair,Industrials,Industrial Machinery & Supplies & Components,"Worsley, United Kingdom",2012-10-01,77360,1966,2012
PEP,Consumer Defensive,179762577408.0,PepsiCo,Consumer Staples,Soft Drinks & Non-alcoholic Beverages,"Purchase, New York",1957-03-04,77476,1898,1957
PFE,Healthcare,132753391616.0,Pfizer,Health Care,Pharmaceuticals,"New York City, New York",1957-03-04,78003,1849,1957
PCG,Utilities,34371719168.0,PG&E Corporation,Utilities,Multi-Utilities,"Oakland, California",2022-10-03,1004980,1905,2022
PM,Consumer Defensive,283224375296.0,Philip Morris International,Consumer Staples,Tobacco,"New York City, New York",2008-03-31,1413329,2008 (1847),2008
PSX,Energy,46565974016.0,Phillips 66,Energy,Oil & Gas Refining & Marketing,"Houston, Texas",2012-05-01,1534701,2012 (1917),2012
PNW,Utilities,10637256704.0,Pinnacle West Capital,Utilities,Multi-Utilities,"Phoenix, Arizona",1999-10-04,764622,1985,1999
PNC,Financial Services,70660136960.0,PNC Financial Services,Financials,Diversified Banks,"Pittsburgh, Pennsylvania",1988-04-30,713676,1845,1988
POOL,Industrials,11168781312.0,Pool Corporation,Consumer Discretionary,Distributors,"Covington, Louisiana",2020-10-07,945841,1993,2020
PPG,Basic Materials,25557385216.0,PPG Industries,Materials,Specialty Chemicals,"Pittsburgh, Pennsylvania",1957-03-04,79879,1883,1957
PPL,Utilities,25164548096.0,PPL Corporation,Utilities,Electric Utilities,"Allentown, Pennsylvania",2001-10-01,922224,1920,2001
PFG,Financial Services,17255983104.0,Principal Financial Group,Financials,Life & Health Insurance,"Des Moines, Iowa",2002-07-22,1126328,1879,2002
PG,Consumer Defensive,384551452672.0,Procter & Gamble,Consumer Staples,Personal Care Products,"Cincinnati, Ohio",1957-03-04,80424,1837,1957
PGR,Financial Services,163744088064.0,Progressive Corporation,Financials,Property & Casualty Insurance,"Mayfield Village, Ohio",1997-08-04,80661,1937,1997
PLD,Real Estate,100949073920.0,Prologis,Real Estate,Industrial REITs,"San Francisco, California",2003-07-17,1045609,1983,2003
PRU,Financial Services,37376061440.0,Prudential Financial,Financials,Life & Health Insurance,"Newark, New Jersey",2002-07-22,1137774,1875,2002
PEG,Utilities,40019640320.0,Public Service Enterprise Group,Utilities,Electric Utilities,"Newark, New Jersey",1957-03-04,788784,1903,1957
PTC,Technology,20431941632.0,PTC Inc.,Information Technology,Application Software,"Boston, Massachusetts",2021-04-20,857005,1985,2021
PSA,Real Estate,53139808256.0,Public Storage,Real Estate,Self-Storage REITs,"Glendale, California",2005-08-19,1393311,1972,2005
PHM,Consumer Cyclical,20088799232.0,PulteGroup,Consumer Discretionary,Homebuilding,"Atlanta, Georgia",1984-04-30,822416,1956,1984
PWR,Industrials,53551714304.0,Quanta Services,Industrials,Construction & Engineering,"Houston, Texas",2009-07-01,1050915,1997,2009
QCOM,Technology,163865526272.0,Qualcomm,Information Technology,Semiconductors,"San Diego, California",1999-07-22,804328,1985,1999
DGX,Healthcare,19462445056.0,Quest Diagnostics,Health Care,Health Care Services,"Secaucus, New Jersey",2002-12-12,1022079,1967,2002
RL,Consumer Cyclical,16576979968.0,Ralph Lauren Corporation,Consumer Discretionary,"Apparel, Accessories & Luxury Goods","New York City, New York",2007-02-02,1037038,1967,2007
RJF,Financial Services,29607546880.0,Raymond James Financial,Financials,Investment Banking & Brokerage,"St. Petersburg, Florida",2017-03-20,720005,1962,2017
RTX,Industrials,185830653952.0,RTX Corporation,Industrials,Aerospace & Defense,"Waltham, Massachusetts",1957-03-04,101829,1922,1957
O,Real Estate,50572480512.0,Realty Income,Real Estate,Retail REITs,"San Diego, California",2015-04-07,726728,1969,2015
REG,Real Estate,13150683136.0,Regency Centers,Real Estate,Retail REITs,"Jacksonville, Florida",2017-03-02,910606,1963,2017
REGN,Healthcare,53250498560.0,Regeneron Pharmaceuticals,Health Care,Biotechnology,"Tarrytown, New York",2013-05-01,872589,1988,2013
RF,Financial Services,19821406208.0,Regions Financial Corporation,Financials,Regional Banks,"Birmingham, Alabama",1998-08-28,1281761,1971,1998
RSG,Industrials,79052365824.0,Republic Services,Industrials,Environmental & Facilities Services,"Phoenix, Arizona",2008-12-05,1060391,1998 (1981),2008
RMD,Healthcare,36979331072.0,ResMed,Health Care,Health Care Equipment,"San Diego, California",2017-07-26,943819,1989,2017
RVTY,Healthcare,10840504320.0,Revvity,Health Care,Health Care Equipment,"Waltham, Massachusetts",1985-05-31,31791,1937,1985
ROK,Industrials,36557176832.0,Rockwell Automation,Industrials,Electrical Components & Equipment,"Milwaukee, Wisconsin",2000-03-12,1024478,1903,2000
ROL,Consumer Cyclical,28027117568.0,"Rollins, Inc.",Industrials,Environmental & Facilities Services,"Atlanta, Georgia",2018-10-01,84839,1948,2018
ROP,Technology,61592117248.0,Roper Technologies,Information Technology,Electronic Equipment & Instruments,"Sarasota, Florida",2009-12-23,882835,1981,2009
ROST,Consumer Cyclical,47286329344.0,Ross Stores,Consumer Discretionary,Apparel Retail,"Dublin, California",2009-12-21,745732,1982,2009
RCL,Consumer Cyclical,75042889728.0,Royal Caribbean Group,Consumer Discretionary,"Hotels, Resorts & Cruise Lines","Miami, Florida",2014-12-05,884887,1997,2014
SPGI,Financial Services,159278874624.0,S&P Global,Financials,Financial Exchanges & Data,"New York City, New York",1957-03-04,64040,1917,1957
CRM,Technology,262431571968.0,Salesforce,Information Technology,Application Software,"San Francisco, California",2008-09-15,1108524,1999,2008
SBAC,Real Estate,24248186880.0,SBA Communications,Real Estate,Telecom Tower REITs,"Boca Raton, Florida",2017-09-01,1034054,1989,2017
SLB,Energy,45757014016.0,Schlumberger,Energy,Oil & Gas Equipment & Services,"Houston, Texas",1957-03-04,87347,1926,1957
STX,Technology,27098062848.0,Seagate Technology,Information Technology,"Technology Hardware, Storage & Peripherals","Dublin, Ireland",2012-07-02,1137789,1979,2012
SRE,Utilities,50119262208.0,Sempra,Utilities,Multi-Utilities,"San Diego, California",2017-03-17,1032208,1998,2017
NOW,Technology,213410054144.0,ServiceNow,Information Technology,Systems Software,"Santa Clara, California",2019-11-21,1373715,2003,2019
SHW,Basic Materials,89584844800.0,Sherwin-Williams,Materials,Specialty Chemicals,"Cleveland, Ohio",1964-06-30,89800,1866,1964
SPG,Real Estate,61134233600.0,Simon Property Group,Real Estate,Retail REITs,"Indianapolis, Indiana",2002-06-26,1063761,2003,2002
SWKS,Technology,10747734016.0,Skyworks Solutions,Information Technology,Semiconductors,"Irvine, California",2015-03-12,4127,2002,2015
SJM,Consumer Defensive,11799516160.0,J.M. Smucker Company (The),Consumer Staples,Packaged Foods & Meats,"Orrville, Ohio",2008-11-06,91419,1897,2008
SW,Consumer Cyclical,22613602304.0,Smurfit Westrock,Materials,Paper & Plastic Packaging Products & Materials,"Dublin, Ireland",2024-07-08,2005951,1934,2024
SNA,Industrials,16820446208.0,Snap-on,Industrials,Industrial Machinery & Supplies & Components,"Kenosha, Wisconsin",1982-09-30,91440,1920,1982
SOLV,Healthcare,13039971328.0,Solventum,Health Care,Health Care Technology,"Saint Paul, Minnesota",2024-04-01,1964738,2023,2024
SO,Utilities,97102766080.0,Southern Company,Utilities,Electric Utilities,"Atlanta, Georgia",1957-03-04,92122,1945,1957
LUV,Industrials,19079112704.0,Southwest Airlines,Industrials,Passenger Airlines,"Dallas, Texas",1994-07-01,92380,1967,1994
SWK,Industrials,10232717312.0,Stanley Black & Decker,Industrials,Industrial Machinery & Supplies & Components,"New Britain, Connecticut",1982-09-30,93556,1843,1982
SBUX,Consumer Cyclical,101866897408.0,Starbucks,Consumer Discretionary,Restaurants,"Seattle, Washington",2000-06-07,829224,1971,2000
STT,Financial Services,28124651520.0,State Street Corporation,Financials,Asset Management & Custody Banks,"Boston, Massachusetts",2003-03-14,93751,1792,2003
STLD,Basic Materials,19827515392.0,Steel Dynamics,Materials,Steel,"Fort Wayne, Indiana",2022-12-22,1022671,1993,2022
STE,Healthcare,23975299072.0,Steris,Health Care,Health Care Equipment,"Dublin, Ireland",2019-12-23,1757898,1985,2019
SYK,Healthcare,146709331968.0,Stryker Corporation,Health Care,Health Care Equipment,"Kalamazoo, Michigan",2000-12-12,310764,1941,2000
SMCI,Technology,24797786112.0,Supermicro,Information Technology,"Technology Hardware, Storage & Peripherals","San Jose, California",2024-03-18,1375365,1993,2024
SYF,Financial Services,22542508032.0,Synchrony Financial,Financials,Consumer Finance,"Stamford, Connecticut",2015-11-18,1601712,2003,2015
SNPS,Technology,75408244736.0,Synopsys,Information Technology,Application Software,"Sunnyvale, California",2017-03-16,883241,1986,2017
SYY,Consumer Defensive,36114022400.0,Sysco,Consumer Staples,Food Distributors,"Houston, Texas",1986-12-31,96021,1969,1986
TMUS,Communication Services,279161733120.0,T-Mobile US,Communication Services,Wireless Telecommunication Services,"Bellevue, Washington",2019-07-15,1283699,1994,2019
TROW,Financial Services,20771391488.0,T. Rowe Price,Financials,Asset Management & Custody Banks,"Baltimore, Maryland",2019-07-29,1113169,1937,2019
TTWO,Communication Services,42561466368.0,Take-Two Interactive,Communication Services,Interactive Home Entertainment,"New York City, New York",2018-03-19,946581,1993,2018
TPR,Consumer Cyclical,16397124608.0,"Tapestry, Inc.",Consumer Discretionary,"Apparel, Accessories & Luxury Goods","New York City, New York",2004-09-01,1116132,2017,2004
TRGP,Energy,36249337856.0,Targa Resources,Energy,Oil & Gas Storage & Transportation,"Houston, Texas",2022-10-12,1389170,2005,2022
TGT,Consumer Defensive,44218900480.0,Target Corporation,Consumer Staples,Consumer Staples Merchandise Retail,"Minneapolis, Minnesota",1976-12-31,27419,1902,1976
TEL,Technology,48826462208.0,TE Connectivity,Information Technology,Electronic Manufacturing Services,"Galway, Ireland",2011-10-17,1385157,2007,2011
TDY,Technology,23461046272.0,Teledyne Technologies,Information Technology,Electronic Equipment & Instruments,"Thousand Oaks, California",2020-06-22,1094285,1960,2020
TER,Technology,13672597504.0,Teradyne,Information Technology,Semiconductor Materials & Equipment,"North Reading, Massachusetts",2020-09-21,97210,1960,2020
TSLA,Consumer Cyclical,950634151936.0,"Tesla, Inc.",Consumer Discretionary,Automobile Manufacturers,"Austin, Texas",2020-12-21,1318605,2003,2020
TXN,Technology,174808186880.0,Texas Instruments,Information Technology,Semiconductors,"Dallas, Texas",2001-03-12,97476,1930,2001
TPL,Energy,25590841344.0,Texas Pacific Land Corporation,Energy,Oil & Gas Exploration & Production,"Dallas, Texas",2024-11-26,1811074,1888,2024
TXT,Industrials,13643332608.0,Textron,Industrials,Aerospace & Defense,"Providence, Rhode Island",1978-12-31,217346,1923,1978
TMO,Healthcare,151714840576.0,Thermo Fisher Scientific,Health Care,Life Sciences Tools & Services,"Waltham, Massachusetts",2004-08-03,97745,2006 (1902),2004
TJX,Consumer Cyclical,143301378048.0,TJX Companies,Consumer Discretionary,Apparel Retail,"Framingham, Massachusetts",1985-09-30,109198,1987,1985
TKO,Communication Services,13565180928.0,TKO Group Holdings,Communication Services,Movies & Entertainment,"New York City, New York",2025-03-24,1973266,2023,2025
TSCO,Consumer Cyclical,27278929920.0,Tractor Supply,Consumer Discretionary,Other Specialty Retail,"Brentwood, Tennessee",2014-01-24,916365,1938,2014
TT,Industrials,96080740352.0,Trane Technologies,Industrials,Building Products,"Dublin, Ireland",2010-11-17,1466258,1871,2010
TDG,Industrials,82334793728.0,TransDigm Group,Industrials,Aerospace & Defense,"Cleveland, Ohio",2016-06-03,1260221,1993,2016
TRV,Financial Services,62009667584.0,Travelers Companies (The),Financials,Property & Casualty Insurance,"New York City, New York",2002-08-21,86312,1853,2002
TRMB,Technology,17230753792.0,Trimble Inc.,Information Technology,Electronic Equipment & Instruments,"Westminster, Colorado",2021-01-21,864749,1978,2021
TFC,Financial Services,53245894656.0,Truist Financial,Financials,Diversified Banks,"Charlotte, North Carolina",1997-12-04,92230,1872,1997
TYL,Technology,24848621568.0,Tyler Technologies,Information Technology,Application Software,"Plano, Texas",2020-06-22,860731,1966,2020
TSN,Consumer Defensive,19703302144.0,Tyson Foods,Consumer Staples,Packaged Foods & Meats,"Springdale, Arkansas",2005-08-10,100493,1935,2005
USB,Financial Services,69753004032.0,U.S. Bancorp,Financials,Diversified Banks,"Minneapolis, Minnesota",1999-11-01,36104,1968,1999
UBER,Technology,179004145664.0,Uber,Industrials,Passenger Ground Transportation,"San Francisco, California",2023-12-18,1543151,2009,2023
UDR,Real Estate,15483226112.0,"UDR, Inc.",Real Estate,Multi-Family Residential REITs,"Highlands Ranch, Colorado",2016-03-07,74208,1972,2016
ULTA,Consumer Cyclical,20928468992.0,Ulta Beauty,Consumer Discretionary,Other Specialty Retail,"Bolingbrook, Illinois",2016-04-18,1403568,1990,2016
UNP,Industrials,133494054912.0,Union Pacific Corporation,Industrials,Rail Transportation,"Omaha, Nebraska",1957-03-04,100885,1862,1957
UAL,Industrials,27509602304.0,United Airlines Holdings,Industrials,Passenger Airlines,"Chicago, Illinois",2015-09-03,100517,1967,2015
UPS,Industrials,83197902848.0,United Parcel Service,Industrials,Air Freight & Logistics,"Sandy Springs, Georgia",2002-07-22,1090727,1907,2002
URI,Industrials,45931544576.0,United Rentals,Industrials,Trading Companies & Distributors,"Stamford, Connecticut",2014-09-20,1067701,1997,2014
UNH,Healthcare,275062980608.0,UnitedHealth Group,Health Care,Managed Health Care,"Minnetonka, Minnesota",1994-07-01,731766,1977,1994
UHS,Healthcare,12204366848.0,Universal Health Services,Health Care,Health Care Facilities,"King of Prussia, Pennsylvania",2014-09-20,352915,1979,2014
VLO,Energy,40199995392.0,Valero Energy,Energy,Oil & Gas Refining & Marketing,"San Antonio, Texas",2002-12-20,1035002,1980,2002
VTR,Real Estate,28720603136.0,Ventas,Real Estate,Health Care REITs,"Chicago, Illinois",2009-03-04,740260,1998,2009
VLTO,Industrials,24853020672.0,Veralto,Industrials,Environmental & Facilities Services,"Waltham, Massachusetts",2023-10-02,1967680,2023,2023
VRSN,Technology,26763376640.0,Verisign,Information Technology,Internet Services & Infrastructure,"Dulles, Virginia",2006-02-01,1014473,1995,2006
VRSK,Industrials,44706926592.0,Verisk Analytics,Industrials,Research & Consulting Services,"Jersey City, New Jersey",2015-10-08,1442145,1971,2015
VZ,Communication Services,184671748096.0,Verizon,Communication Services,Integrated Telecommunication Services,"New York City, New York",1983-11-30,732712,1983 (1877),1983
VRTX,Healthcare,115687047168.0,Vertex Pharmaceuticals,Health Care,Biotechnology,"Boston, Massachusetts",2013-09-23,875320,1989,2013
VTRS,Healthcare,10222752768.0,Viatris,Health Care,Pharmaceuticals,"Pittsburgh, Pennsylvania",2004-04-23,1792044,1961,2004
VICI,Real Estate,33254664192.0,Vici Properties,Real Estate,Hotel & Resort REITs,"New York City, New York",2022-06-08,1705696,2017,2022
V,Financial Services,702610931712.0,Visa Inc.,Financials,Transaction & Payment Processing Services,"San Francisco, California",2009-12-21,1403161,1958,2009
VST,Utilities,58914820096.0,Vistra Corp.,Utilities,Electric Utilities,"Irving, Texas",2024-05-08,1692819,2016,2024
VMC,Basic Materials,34982461440.0,Vulcan Materials Company,Materials,Construction Materials,"Birmingham, Alabama",1999-06-30,1396009,1909,1999
WRB,Financial Services,28155803648.0,W. R. Berkley Corporation,Financials,Property & Casualty Insurance,"Greenwich, Connecticut",2019-12-05,11544,1967,2019
GWW,Industrials,52572659712.0,W. W. Grainger,Industrials,Industrial Machinery & Supplies & Components,"Lake Forest, Illinois",1981-06-30,277135,1927,1981
WAB,Industrials,35291316224.0,Wabtec,Industrials,Construction Machinery & Heavy Transportation Equipment,"Pittsburgh, Pennsylvania",2019-02-27,943452,1999 (1869),2019
WBA,Healthcare,9728302080.0,Walgreens Boots Alliance,Consumer Staples,Drug Retail,"Deerfield, Illinois",1979-12-31,1618921,2014,1979
WMT,Consumer Defensive,783766978560.0,Walmart,Consumer Staples,Consumer Staples Merchandise Retail,"Bentonville, Arkansas",1982-08-31,104169,1962,1982
DIS,Communication Services,204763725824.0,Walt Disney Company (The),Communication Services,Movies & Entertainment,"Burbank, California",1976-06-30,1744489,1923,1976
WBD,Communication Services,24295366656.0,Warner Bros. Discovery,Communication Services,Broadcasting,"New York City, New York",2022-04-11,1437107,2022 (Warner Bros. 1923),2022
WM,Industrials,95101083648.0,Waste Management,Industrials,Environmental & Facilities Services,"Houston, Texas",1998-08-31,823768,1968,1998
WAT,Healthcare,20897810432.0,Waters Corporation,Health Care,Life Sciences Tools & Services,"Milford, Massachusetts",2002-01-02,1000697,1958,2002
WEC,Utilities,33700550656.0,WEC Energy Group,Utilities,Electric Utilities,"Milwaukee, Wisconsin",2008-10-31,783325,1896,2008
WFC,Financial Services,248391565312.0,Wells Fargo,Financials,Diversified Banks,"San Francisco, California",1976-06-30,72971,1852,1976
WELL,Real Estate,101002887168.0,Welltower,Real Estate,Health Care REITs,"Toledo, Ohio",2009-01-30,766704,1970,2009
WST,Healthcare,16142943232.0,West Pharmaceutical Services,Health Care,Health Care Supplies,"Exton, Pennsylvania",2020-05-22,105770,1923,2020
WDC,Technology,19345287168.0,Western Digital,Information Technology,"Technology Hardware, Storage & Peripherals","San Jose, California",2009-07-01,106040,1970,2009
WY,Real Estate,19386548224.0,Weyerhaeuser,Real Estate,Timber REITs,"Seattle, Washington",1979-10-01,106535,1900,1979
WSM,Consumer Cyclical,19409084416.0,"Williams-Sonoma, Inc.",Consumer Discretionary,Homefurnishing Retail,"San Francisco, California",2025-03-24,719955,1956,2025
WMB,Energy,73944367104.0,Williams Companies,Energy,Oil & Gas Storage & Transportation,"Tulsa, Oklahoma",1975-03-31,107263,1908,1975
WTW,Financial Services,30661083136.0,Willis Towers Watson,Financials,Insurance Brokers,"London, United Kingdom",2016-01-05,1140536,2016,2016
WDAY,Technology,67374141440.0,"Workday, Inc.",Information Technology,Application Software,"Pleasanton, California",2024-12-23,1327811,2005,2024
WYNN,Consumer Cyclical,8709348352.0,Wynn Resorts,Consumer Discretionary,Casinos & Gaming,"Paradise, Nevada",2008-11-14,1174922,2002,2008
XEL,Utilities,39513899008.0,Xcel Energy,Utilities,Multi-Utilities,"Minneapolis, Minnesota",1957-03-04,72903,1909,1957
XYL,Industrials,30827706368.0,Xylem Inc.,Industrials,Industrial Machinery & Supplies & Components,"White Plains, New York",2011-11-01,1524472,2011,2011
YUM,Consumer Cyclical,40257671168.0,Yum! Brands,Consumer Discretionary,Restaurants,"Louisville, Kentucky",1997-10-06,1041061,1997,1997
ZBRA,Technology,15020324864.0,Zebra Technologies,Information Technology,Electronic Equipment & Instruments,"Lincolnshire, Illinois",2019-12-23,877212,1969,2019
ZBH,Healthcare,18277197824.0,Zimmer Biomet,Health Care,Health Care Equipment,"Warsaw, Indiana",2001-08-07,1136869,1927,2001
ZTS,Healthcare,75756593152.0,Zoetis,Health Care,Pharmaceuticals,"Parsippany, New Jersey",2013-06-21,1555280,1952,2013
